{"green leaf": 85.14721550895247, "dead_leaf": 85.14721550895247}